{
  "scenario": {
    "mu_D": 350.0,
    "sigma_D": 40.0,
    "reliability": 0.95,
    "seed": 7
  },
  "normal": {
    "status": "optimal",
    "x": [
      75.51745418352405,
      52.1869256846427,
      58.12349506650182,
      66.02120338578445,
      109.55086596146751,
      54.394200796138335
    ],
    "cost": 5359.324716413253,
    "objective": 5263.863179341079,
    "D_eff": 415.7941450780589,
    "lambda": 23.729226809943366,
    "nu_u": [
      0.0,
      0.0,
      0.0,
      9.262766704540548,
      0.0,
      1.1996574395141235
    ],
    "nu_l": [
      0.0,
      0.0,
      0.0,
      0.0,
      0.0,
      0.0
    ]
  },
  "robust": {
    "status": "optimal",
    "x": [
      112.21792294411627,
      108.93780036472486,
      71.5308698235599,
      66.02120338578445,
      111.25396042730307,
      54.394200796138335
    ],
    "cost": 8753.707510277141,
    "objective": 8658.245973204968,
    "D_eff": 524.3559577416269,
    "lambda": 44.679614671970434,
    "nu_u": [
      10.397951992614658,
      0.0,
      16.489677763480433,
      30.213154566568125,
      20.626714953845223,
      22.1500453015417
    ],
    "nu_l": [
      0.0,
      0.0,
      0.0,
      0.0,
      0.0,
      0.0
    ]
  },
  "metrics": {
    "buffer_normal": 65.79414507805888,
    "buffer_robust": 174.35595774162687,
    "extra_buffer_units": 108.56181266356799,
    "total_cost_normal": 5359.324716413253,
    "total_cost_robust": 8753.707510277141,
    "premium_abs": 3394.3827938638888,
    "premium_pct": 63.33601663411789,
    "lambda_normal": 23.729226809943366,
    "lambda_robust": 44.679614671970434,
    "lambda_shift": 20.950387862027068,
    "fixed_cost": 95.46153707217363
  }
}